Monthly Income,Savings,Debts,Safe EMI,Monthly EMI,Total Payable,Has Paid
141958,30801,81014,56783,67351,1288470,0
166867,34865,87488,66746,60606,952807,1
151932,37801,46297,60772,58667,692739,1
123694,44284,39768,49477,47478,602400,1
139879,26299,79871,55951,19781,237109,1
130268,27535,59373,52107,43159,538137,1
74886,10525,24857,29954,24420,319039,1
157337,40723,49629,62934,75521,1174464,0
188266,31657,82692,75306,72176,1146149,1
107498,18069,87462,42999,34425,491073,1
132727,33758,52398,53090,45258,731111,1
146324,44408,72751,58529,66187,715872,0
195203,0,101569,78081,64717,703993,1
36023,8504,9862,14409,10092,118272,1
61090,10567,9006,24436,19697,299019,1
87221,25709,25701,34888,38732,470206,0
84820,14842,46601,33928,33895,434975,1
20769,6855,10747,8307,7361,103078,1
79735,10553,51068,31894,29434,533313,1
84925,0,44105,33970,24970,253162,1
25311,7723,12100,10124,8367,138019,1
123355,14265,46775,49342,34992,583974,1
105305,4420,71283,42122,33752,607092,1
179765,36241,56835,71906,86287,1667718,0
150608,26519,41856,60243,36479,372138,1
176730,49892,108408,70692,49683,573243,1
104478,30219,24381,41791,23462,442545,1
142537,29870,140107,57014,28922,421833,1
169503,18902,87463,67801,56160,878677,1
150523,34423,85735,60209,43386,721531,1
22747,4925,7695,9098,10918,183329,0
143855,36955,62857,57542,46280,894016,1
85725,9645,35545,34290,41057,819889,0
149981,23991,58737,59992,67011,1152705,0
104654,26261,65575,41861,34442,443346,1
186845,60674,76622,74738,89685,1685867,0
139346,41328,98029,55738,52513,550977,1
87435,18204,90288,34974,41968,516669,0
76886,11629,33898,30754,36905,700235,0
86803,20865,46045,34721,33980,426857,1
51551,4683,29688,20620,21915,267505,0
136216,16114,117459,54486,56176,639358,0
31394,11018,15178,12557,7395,137492,1
89092,21400,29774,35636,31692,475407,1
23890,3947,5894,9556,10927,183030,0
61606,17429,30088,24642,29570,366402,0
107313,35273,44033,42925,29826,524355,1
161699,25150,145852,64679,65145,1146569,0
28792,4527,24587,11516,10511,137974,1
194073,28089,56887,77629,65637,925942,1
174969,51858,62612,69987,67468,816154,1
88148,26211,45374,35259,32773,647786,1
144243,48839,112429,57697,58294,959295,0
140174,42172,71685,56069,67283,1301629,0
174555,6419,64681,69822,74781,974692,0
144358,32927,70478,57743,55008,980199,1
68555,6455,25660,27422,32906,581080,0
37159,5525,23056,14863,17130,289781,0
130510,28328,46747,52204,44472,874170,1
126530,35878,50347,50612,28885,402532,1
100077,11100,73295,40030,25141,284274,1
55920,0,19366,22368,24790,414427,0
39457,8603,8316,15782,11322,195808,1
98953,45949,51356,39581,24658,388386,1
72995,13118,31234,29198,20014,241539,1
191829,39265,115535,76731,53954,811716,1
29692,11230,16731,11876,12917,169507,0
196830,50984,97158,78732,65805,939349,1
57065,12650,27835,22826,12141,199750,1
119299,29134,42092,47719,42125,735171,1
183678,41332,94900,73471,68369,842470,1
31534,2712,21325,12613,9525,133862,1
60397,3977,18439,24158,28120,356890,0
111387,43294,55573,44554,34296,411091,1
21016,4589,14872,8406,9684,172718,0
75591,15874,45436,30236,30967,591257,0
43247,8259,32949,17298,19143,262313,0
44300,12320,17116,17720,10638,186308,1
102798,46656,13759,41119,36989,701696,1
29268,7387,15808,11707,10089,186258,1
106807,15080,61148,42722,22194,262518,1
32185,6007,24901,12874,14821,289949,0
190171,58401,140275,76068,51015,702315,1
159643,22624,96958,63857,46143,617975,1
58044,16555,37907,23217,14433,153348,1
71214,0,32874,28485,29918,444638,0
134752,23852,34520,53900,26600,295008,1
68984,18129,36116,27593,28406,354669,0
60774,19873,42329,24309,27618,363724,0
22568,2666,14246,9027,9111,164804,0
140151,6968,93447,56060,59040,1107296,0
153767,26744,63728,61506,65497,853086,0
144375,12626,64519,57750,36823,684445,1
199262,36882,118896,79704,95645,1776362,0
156330,31161,61077,62532,47523,838617,1
59504,4051,23614,23801,20431,234285,1
184231,51666,103095,73692,58352,986347,1
33986,6262,22165,13594,13565,263855,1
81858,25216,37662,32743,24246,407949,1
149312,2315,39920,59724,53258,709196,1
32666,3210,11525,13066,7397,111008,1
58660,14762,31719,23464,27362,450318,0
154633,18569,83239,61853,64493,974218,0
46854,8599,25687,18741,15029,168323,1
84505,16906,51062,33802,25612,336048,1
124488,26867,62388,49795,51595,929957,0
42662,5641,23592,17064,11914,221773,1
28392,6102,13940,11356,10293,117063,1
50535,6152,36877,20214,23556,459911,0
133569,35720,105047,53427,35913,477223,1
72256,13621,18945,28902,27952,464665,1
109135,23518,48996,43654,41642,729511,1
147478,67396,74704,58991,50181,909267,1
55222,4930,24663,22088,16545,321937,1
97373,32995,83602,38949,45909,602753,0
143684,0,78277,57473,41703,775058,1
30965,0,10494,12386,5226,59150,1
44538,3382,27581,17815,18441,314428,0
128066,10533,70973,51226,29438,512811,1
133252,29364,74732,53300,55857,937136,0
159182,36450,137147,63672,76407,956860,0
178338,31123,101680,71335,73649,1379480,0
118806,21980,52187,47522,54311,634819,0
157982,39934,17211,63192,75831,798985,0
130989,37112,61161,52395,58509,1004882,0
110982,7474,84478,44392,42512,627261,1
141626,23199,68230,56650,67980,1257025,0
139176,26866,7235,55670,66804,924171,0
151278,37597,60560,60511,72613,848327,0
142409,17478,99478,56963,42834,786632,1
43419,8296,26449,17367,9317,144321,1
70015,14212,23246,28006,20632,245355,1
142096,18408,54983,56838,59732,1027620,0
127059,16157,53092,50823,46492,702560,1
130687,27427,48021,52274,43042,690528,1
107939,20180,10153,43175,43828,640288,0
169213,42311,110448,67685,34336,627916,1
125878,11917,94586,50351,45834,838567,1
184899,30495,36297,73959,85394,1459729,0
82623,14630,61865,33049,33456,369830,0
95450,26858,45758,38180,40010,735740,0
113426,12018,84505,45370,54444,909774,0
137845,30803,69968,55138,47333,803269,1
173371,39056,91385,69348,49357,672729,1
63585,23185,36528,25434,29818,560368,0
129225,12830,44193,51690,60362,1041478,0
84044,11285,62103,33617,34107,379476,0
193629,20575,53388,77451,64664,910338,1
129556,4278,54359,51822,45362,855708,1
22693,8543,13725,9077,5045,52832,1
115259,8742,45891,46103,53168,1042853,0
45939,5437,30113,18375,21029,353115,0
199997,66314,155032,79998,43765,713982,1
194013,4790,136295,77605,84737,1076643,0
172906,47658,19499,69162,67504,842987,1
38047,2233,19981,15218,9428,183100,1
46105,14968,32537,18442,10576,137311,1
95766,0,22663,38306,37094,658621,1
166779,4111,107526,66711,51739,720798,1
173048,25179,109624,69219,83063,946299,0
64262,19097,16552,25704,28613,289198,0
145117,28574,96770,58046,57665,890496,1
43776,7285,24275,17510,17611,347962,0
181152,60614,114139,72460,86952,1190504,0
148376,61653,45512,59350,64491,875279,0
157848,42181,83663,63139,63135,848599,1
112787,15532,17935,45114,28419,432129,1
147948,23403,6598,59179,71015,1023088,0
75016,5337,39620,30006,17979,338007,1
160546,33727,115612,64218,51173,770425,1
41959,1554,23102,16783,7742,116739,1
156602,39962,76313,62640,63248,720001,0
139101,55717,64333,55640,50787,1006980,1
23748,6453,7397,9499,10129,126611,0
33545,5135,15284,13418,5907,63404,1
147659,37312,86282,59063,68113,1132830,0
185838,67283,76742,74335,50038,798290,1
93530,33394,60805,37412,31341,443532,1
113557,11313,61229,45422,50323,715698,0
81087,20355,45684,32434,30498,544426,1
88840,16363,60209,35536,34042,407056,1
138451,38857,54639,55380,59522,1083461,0
71005,16924,44866,28402,27896,459940,1
197648,0,83546,79059,62434,885931,1
59353,9805,33706,23741,19785,288478,1
72733,15990,26972,29093,26997,339264,1
85318,4825,27119,34127,22220,389330,1
174736,45099,90578,69894,78561,1188536,0
87172,4149,10718,34868,33026,436231,1
113264,13609,49920,45305,40489,646230,1
46736,15615,8352,18694,21930,437681,0
132859,14830,87135,53143,44904,644502,1
132181,34022,93851,52872,43852,842263,1
151926,3743,49711,60770,45811,616170,1
110084,44928,64472,44033,42306,446215,1
189695,32161,128959,75878,72244,869997,1
27392,5739,18640,10956,7762,110120,1
75680,16490,41085,30272,25143,306655,1
197789,51574,127941,79115,56179,561926,1
70859,3407,26227,28343,19806,379285,1
145657,29053,75249,58262,25782,475403,1
177381,23790,72119,70952,57987,1010310,1
90467,2808,31956,36186,16264,189933,1
118506,35399,60107,47402,35992,403246,1
129751,21380,73893,51900,37463,399957,1
138906,31149,101776,55562,63228,1090078,0
163760,35697,90564,65504,40695,784936,1
45342,7550,28492,18136,12418,177648,1
188229,74821,118707,75291,58698,656921,1
126308,24664,131045,50523,36880,557772,1
126081,5573,17398,50432,60518,816297,0
109045,17443,39519,43618,25750,354020,1
54698,13673,43474,21879,17069,276745,1
130078,32943,55881,52031,49846,856724,1
100623,9179,68137,40249,44084,489607,0
42671,12500,23298,17068,13312,137861,1
176256,4179,162338,70502,27881,556058,1
113384,35649,31451,45353,37982,468220,1
193179,13148,143794,77271,92725,977174,0
106202,18837,90262,42480,40167,477944,1
71663,21961,21292,28665,26776,278194,1
35708,7568,23444,14283,8701,121115,1
111906,31520,34343,44762,26122,470833,1
69811,18281,35326,27924,24559,329406,1
153883,50570,69044,61553,31909,460831,1
76250,23349,1483,30500,32645,547001,0
132547,20495,77519,53018,35169,530669,1
144249,37979,76259,57699,50131,933170,1
54754,2592,43574,21901,8838,164930,1
162483,31555,101101,64993,50470,509706,1
153983,43399,147542,61593,35633,633585,1
159752,34088,83296,63900,18819,274902,1
104896,25664,50234,41958,42397,843214,0
91295,16311,42281,36518,43821,649976,0
120689,37764,49733,48275,55872,1110131,0
31111,5972,1818,12444,13009,228263,0
57504,8824,26219,23001,17745,221565,1
152874,44127,13212,61149,65825,1012661,0
28155,1674,16622,11262,13300,264954,0
59384,14852,14964,23753,21596,401169,1
132561,12692,42569,53024,30696,336851,1
67254,22045,24622,26901,20180,344351,1
41918,7289,19240,16767,20120,270739,0
105981,22626,53136,42392,36301,365546,1
50306,12136,36064,20122,881,12372,0
167718,1179,64486,67087,34064,420616,1
66843,9019,39840,26737,20557,373921,1
140975,42906,147484,56390,63943,855139,0
116601,33438,67100,46640,37625,687618,1
127512,29111,59153,51004,58074,581091,0
167443,10892,57628,66977,49794,651226,1
131472,33992,60626,52588,20190,250594,1
153121,41547,49420,61248,46065,568249,1
182688,37396,101160,73075,70242,750321,1
123727,39879,64425,49490,46545,552552,1
132893,17496,8977,53157,29833,464067,1
40932,6099,20314,16372,12888,166439,1
137796,0,98555,55118,66142,937494,0
49855,14556,20947,19942,11300,155596,1
194088,44909,71700,77635,80754,1514880,0
27400,871,6150,10960,3845,73260,1
137858,3327,17701,55143,60158,898138,0
193714,21838,129065,77485,50514,671919,1
35151,9819,16299,14060,13716,151811,1
86690,14734,56730,34676,19145,373984,1
24499,2928,19752,9799,9287,98465,1
26295,2613,17992,10518,6813,88421,1
140885,13371,55160,56354,39235,509306,1
146071,968,77267,58428,57580,760300,1
79040,6264,29801,31616,24262,282481,1
32183,2991,11532,12873,12488,222685,1
180371,48386,102552,72148,59687,669992,1
163946,30072,54682,65578,58487,956218,1
136336,16011,7930,54534,53785,604468,1
52711,22716,16992,21084,16603,177750,1
25539,3412,11202,10215,6394,122104,1
199426,63160,160394,79770,59183,704358,1
146063,52890,58689,58425,68578,1248988,0
153629,6606,92543,61451,55554,858118,1
58360,12103,27215,23344,15495,167015,1
153272,22722,114230,61308,59799,1169358,1
198047,27747,144855,79218,78591,980002,1
41357,10568,30407,16542,16625,309175,0
139121,19158,21313,55648,35088,410118,1
97505,14665,52783,39002,27473,509335,1
22869,4189,14905,9147,6456,65417,1
70108,11403,40403,28043,22009,332733,1
132296,10933,82991,52918,53433,945471,0
114179,31923,58421,45671,43344,838626,1
110272,33616,38710,44108,42732,815855,1
58467,13702,9388,23386,28064,510662,0
43328,7034,16069,17331,18149,342699,0
111412,14425,115380,44564,37414,448680,1
155059,20101,62468,62023,35913,461194,1
78871,34367,8527,31548,21969,283175,1
173471,50962,112154,69388,56175,773560,1
148391,17211,99584,59356,64240,895074,0
197286,42706,149437,78914,68510,1058188,1
106416,17425,63231,42566,30262,351010,1
90271,23324,60402,36108,24978,422455,1
64064,16294,55610,25625,21976,256592,1
127450,39300,44722,50980,55950,733122,0
191890,22056,59721,76756,92107,1384689,0
196597,41378,55260,78638,64763,1163439,1
39830,1001,17797,15932,13762,239390,1
168501,12513,132557,67400,38520,633864,1
157965,45558,95665,63186,75823,876344,0
136381,14310,81520,54552,28626,442862,1
67333,7804,9166,26933,31455,342063,0
154508,30773,55833,61803,48433,667099,1
96213,25927,12783,38485,27907,394482,1
156967,14741,115252,62786,37515,390085,1
170810,0,139573,68324,81988,1044527,0
50746,5733,33284,20298,18885,369325,1
69377,22239,20996,27750,24429,477264,1
199476,46739,158863,79790,87504,1183350,0
74045,24611,33272,29618,21096,220059,1
117888,10234,30309,47155,41282,486760,1
190862,6882,58617,76344,67876,944994,1
127455,31386,52762,50982,38081,741747,1
156672,35094,79889,62668,73630,840266,0
113179,26094,52937,45271,37137,654933,1
191836,56265,41717,76734,37347,414070,1
65714,15913,48803,26285,21018,416433,1
122946,29576,57769,49178,46094,636851,1
129616,35190,46305,51846,33784,599754,1
125983,31526,90967,50393,33831,454219,1
144123,41182,37950,57649,42570,692901,1
169661,51042,29558,67864,80100,954816,0
63484,22420,47898,25393,19126,219196,1
102989,13911,90452,41195,49434,958076,0
56212,13943,22910,22484,16217,310993,1
63525,10352,31178,25410,24298,458624,1
198274,23127,53666,79309,60548,984168,1
183707,24074,92055,73482,78150,1413170,0
83208,20760,33687,33283,19817,211860,1
53828,13016,25814,21531,22838,304845,0
169783,40754,98788,67913,61357,806053,1
23420,4155,6566,9368,6698,109557,1
116752,23390,49927,46700,38922,527773,1
151373,42653,21077,60549,72659,834494,0
196308,10023,84216,78523,71413,1140097,1
135294,27392,65118,54117,37845,686661,1
144019,30099,78605,57607,33056,456885,1
85726,23602,46970,34290,34336,388784,0
161564,10497,109990,64625,59711,714561,1
135668,47417,26057,54267,56913,704288,0
26102,5778,5292,10440,5319,69141,1
138015,31282,83608,55206,32126,527769,1
46641,7456,4300,18656,21673,346981,0
185656,47119,99634,74262,71131,1206441,1
183817,37644,48516,73526,74140,1010169,0
174165,55889,141868,69666,44191,806044,1
123746,6911,68071,49498,31171,375335,1
56631,12320,25833,22652,25434,373642,0
92991,22396,69328,37196,42202,760047,0
24014,4355,6899,9605,5791,68347,1
31093,4960,10115,12437,6904,76631,1
38070,6232,9430,15228,12911,243204,1
55777,12129,18238,22310,15063,202291,1
76958,1462,39419,30783,20623,347270,1
102074,30265,61120,40829,22952,235343,1
30729,4670,21273,12291,9315,157439,1
196089,41723,26482,78435,45988,605259,1
178823,42329,83264,71529,42999,453966,1
125864,18554,35036,50345,47808,769620,1
150858,28194,69235,60343,51967,644815,1
125510,0,121347,50204,50014,693600,1
74748,20422,41737,29899,13835,149504,1
25801,7946,17541,10320,9055,103885,1
170262,5090,151897,68104,81725,1060781,0
49592,7902,35977,19836,15511,169032,1
30647,2360,12578,12258,13254,253262,0
159788,29117,39121,63915,68964,693816,0
130627,34598,64525,52250,57021,846116,0
90316,26980,34903,36126,33115,371972,1
22368,6982,4363,8947,9095,118933,0
97575,32302,53489,39030,40971,789142,0
26655,4738,14744,10662,11023,128053,0
90031,7680,76870,36012,21450,421683,1
107922,20347,46152,43168,19346,233276,1
144046,37931,80093,57618,28037,488288,1
164475,12709,60346,65790,53122,821638,1
52097,19068,35146,20838,21328,401924,0
162038,46956,76980,64815,38817,603223,1
144862,25980,38458,57944,64086,983445,0
138834,17897,69042,55533,41618,497533,1
113848,15151,65816,45539,34236,399280,1
72921,15125,40183,29168,19425,372285,1
146141,25875,103640,58456,23604,313434,1
42677,12591,8978,17070,15915,218375,1
75609,12528,25060,30243,36292,638680,0
51024,12784,32040,20409,17538,234811,1
90313,17801,32056,36125,14895,290778,1
147813,33548,81015,59125,63269,1099570,0
115285,20404,1850,46114,21618,345336,1
166410,45059,173597,66564,38123,717071,1
133632,36381,59607,53452,43586,457483,1
170580,41961,126023,68232,61798,776845,1
23051,6010,9972,9220,5742,84133,1
199819,21093,116482,79927,64395,790117,1
134692,31292,107535,53876,56774,990099,0
107235,34842,78620,42894,46670,895705,0
183165,45633,84092,73266,87030,1239107,0
190806,18494,90241,76322,91586,1229217,0
93523,18239,65532,37409,40307,790649,0
114476,27187,110658,45790,37585,543054,1
37019,4599,19933,14807,16137,240298,0
103613,6649,92361,41445,41100,555532,1
106672,17962,48185,42668,42736,816078,0
93847,11816,64791,37538,34509,541440,1
102750,20403,74003,41100,26591,468582,1
48251,1971,20169,19300,11927,216097,1
123481,31669,43290,49392,42019,563833,1
132566,18100,96650,53026,48372,693508,1
45945,13763,18088,18378,12959,239544,1
110852,19100,35597,44340,43491,592893,1
52217,10310,18965,20886,25064,449634,0
28308,5171,11121,11323,4969,96466,1
25949,3404,17420,10379,10593,171946,0
152222,68077,91791,60888,52273,910408,1
120235,18084,77326,48094,47500,857433,1
94740,28644,55354,37896,29078,536508,1
136352,12358,51981,54540,45731,637980,1
86617,20546,55384,34646,31437,330492,1
36896,9146,27173,14758,11800,165431,1
150798,29795,93027,60319,29849,499613,1
197247,28186,116362,78898,64422,934352,1
158877,27591,55065,63550,33103,578960,1
25237,4029,13687,10094,10481,142230,0
40056,17632,13456,16022,6546,107026,1
196615,38878,97362,78646,89040,1056389,0
134548,33971,23135,53819,52871,924917,1
131488,49723,22811,52595,51719,799423,1
154415,17351,71307,61766,20625,248338,1
164572,33534,64234,65828,52192,674279,1
49375,8545,25742,19750,22976,401777,0
160734,30762,76034,64293,47921,710478,1
36964,6731,18705,14785,8952,108864,1
133429,16920,82955,53371,38205,751598,1
87215,19147,35526,34886,29929,513332,1
89042,8346,40613,35616,23583,461569,1
164356,49124,130006,65742,77803,1110332,0
113468,29766,56803,45387,38980,574994,1
29435,4434,13662,11774,8666,164494,1
195150,30346,100795,78060,42906,654349,1
98832,22489,46226,39532,39379,672310,1
71293,8565,25528,28517,28243,353662,1
98781,37655,29673,39512,26747,386967,1
180196,42488,62584,72078,22770,255819,1
63919,15297,43118,25567,24997,301461,1
186319,49960,69686,74527,61731,617893,1
141172,20054,66211,56468,54154,562809,1
114758,35448,73462,45903,55083,1089163,0
76573,16191,34023,30629,26595,330405,1
79101,23335,49570,31640,23620,392887,1
46646,8405,8948,18658,10974,201828,1
124185,41195,58801,49674,39584,613828,1
43049,10337,22203,17219,15758,181717,1
118116,49402,59604,47246,41970,725294,1
117379,19138,19885,46951,56341,901612,0
88385,19484,65459,35354,35345,611926,1
146131,14151,48086,58452,49175,870290,1
191230,28124,108428,76492,53418,1055243,1
43289,11336,21713,17315,16305,256578,1
130226,40751,91254,52090,33767,453038,1
120793,59973,113243,48317,44449,732738,1
29823,5676,7214,11929,11891,127055,1
61975,6611,22944,24790,20349,386116,1
29540,8133,15887,11816,8477,94891,1
36364,3171,10142,14545,4780,63481,1
155683,39921,102196,62273,72296,1312722,0
47663,7138,31871,19065,18604,297168,1
71991,15921,44050,28796,28275,394054,1
124182,38385,67966,49672,24074,354722,1
182049,34393,140895,72819,87383,1620568,0
114704,33641,30841,45881,34810,466457,1
69115,19857,35459,27646,22194,414954,1
111007,1506,39101,44402,26982,293607,1
169143,18578,114676,67657,28975,514829,1
31938,1399,4258,12775,14874,274815,0
186267,74539,92087,74506,89158,1053691,0
111680,21158,63327,44672,37239,532652,1
24000,9073,7452,9600,6769,78898,1
121042,4442,45361,48416,37800,645111,1
113610,16214,57154,45444,35791,549524,1
123691,34639,85472,49476,28450,465260,1
58304,12706,17107,23321,18702,223772,1
89449,22656,29367,35779,32676,395957,1
102986,7684,74676,41194,46530,484615,0
171836,58025,76536,68734,60387,798361,1
128940,35806,44418,51576,24803,386871,1
58494,14048,37771,23397,22540,418796,1
23373,3072,9404,9349,7582,126392,1
163233,37932,115158,65293,78351,1124659,0
117532,20080,43164,47012,56415,1101859,0
112658,3937,52733,45063,54075,929696,0
143633,28002,98962,57453,42205,814631,1
120386,22190,54745,48154,57785,882720,0
47350,14500,30834,18940,18234,229551,1
113008,0,55022,45203,54243,571093,0
114297,25547,102448,45718,34259,591342,1
45351,3829,36904,18140,14518,162798,1
108668,25202,25469,43467,41011,534288,1
134585,31954,81349,53834,49148,753190,1
166377,31830,56022,66550,79109,1237596,0
95353,26768,51328,38141,31160,498743,1
85953,6482,44151,34381,40093,467595,0
77458,24071,22379,30983,32782,452306,0
40358,5213,28722,16143,13264,214506,1
23267,1033,12579,9306,9666,190416,0
102745,17750,45522,41098,31098,537261,1
109588,0,45191,43835,52602,1011332,0
58513,13189,30892,23405,4889,86167,1
177164,30839,103035,70865,73929,1176748,0
31338,10133,14885,12535,5438,64827,1
151484,40126,0,60593,49601,826693,1
27543,1674,13864,11017,9404,152666,1
125891,14623,26651,50356,60427,968334,0
184568,46523,84552,73827,51823,772064,1
80692,22973,17678,32276,38732,592081,0
64425,20760,13960,25770,14954,199555,1
58756,18887,43892,23502,28202,428489,0
38888,7429,16954,15555,11766,140906,1
186807,44136,78583,74722,66754,1205030,1
67295,22198,40141,26918,21289,252447,1
134352,22795,57218,53740,64252,697112,0
103042,24521,94877,41216,47272,678956,0
105999,17734,47211,42399,41800,693184,1
37955,5499,21749,15182,8912,128134,1
57841,11848,40152,23136,16108,205667,1
90640,11896,74365,36256,22400,349045,1
185983,34761,65391,74393,23282,313614,1
158429,15289,65970,63371,75433,1458021,0
183551,33222,138566,73420,58225,1119471,1
81476,19948,53938,32590,25758,386991,1
64811,9146,46342,25924,31109,413095,0
187280,37630,42373,74912,56633,983802,1
171222,36630,138621,68488,45536,472087,1
91180,22362,31704,36472,29863,440421,1
194358,36275,104653,77743,46010,614855,1
132856,40997,62489,53142,51074,980905,1
88450,0,28684,35380,27652,279843,1
172424,85138,37500,68969,51601,801280,1
131888,14888,19945,52755,38327,667160,1
130448,31351,68329,52179,44271,657434,1
34397,3651,6705,13758,12326,133787,1
192627,50935,52632,77050,57403,1132258,1
198031,45083,90379,79212,62206,944296,1
151800,20482,0,60720,51892,837641,1
139180,42771,91273,55672,46174,570993,1
86234,15832,1554,34493,30449,451723,1
59954,15271,29049,23981,16926,241911,1
198352,21478,99771,79340,89349,960414,0
99459,19584,60432,39783,35773,395714,1
167851,67197,82526,67140,50290,924078,1
175538,52011,158612,70215,67483,836674,1
188011,43385,102139,75204,64405,769620,1
186342,28903,132437,74536,32911,495284,1
79163,16366,28127,31665,30406,537807,1
71934,15807,37704,28773,17843,189485,1
183379,44913,148447,73351,81318,1282230,0
74098,6841,33526,29639,24142,270210,1
25486,6800,13722,10194,10908,113059,0
159407,14512,110974,63762,45746,481591,1
106900,38816,37581,42760,38162,699963,1
146020,17936,9883,58408,68778,768930,0
122795,28201,67674,49118,39674,414662,1
162202,48744,113173,64880,47187,678509,1
107508,18788,24695,43003,44670,823712,0
138324,32376,87703,55329,57206,722174,0
80566,27675,51191,32226,23777,338041,1
47192,12101,2137,18876,7147,74327,1
21062,4961,6586,8424,6086,88203,1
104076,3280,43798,41630,43476,685887,0
109780,11705,50946,43912,29914,469931,1
172617,52595,60652,69046,60227,802482,1
41689,10713,14199,16675,11850,155892,1
31174,8483,26008,12469,4887,54086,1
108461,28583,51897,43384,30635,418718,1
146174,48087,52767,58469,61000,670695,0
123033,21390,60503,49213,13899,245550,1
29348,6223,17826,11739,11011,216523,1
174786,16977,89197,69914,40444,796782,1
58102,4194,26660,23240,23870,445208,0
94460,3365,34949,37784,39808,637250,0
122634,13671,45077,49053,40813,694178,1
109930,39053,41821,43972,36610,470518,1
26801,1198,15216,10720,7219,117728,1
123150,20891,37088,49260,26531,386207,1
199208,14081,115272,79683,95619,1417102,0
174697,24440,136717,69878,46031,809129,1
195333,42381,110390,78133,93759,1201924,0
21542,2800,9178,8616,5688,74972,1
41677,12876,10018,16670,16775,322873,0
197804,69903,161333,79121,46725,493522,1
59081,0,15715,23632,23770,353144,0
113105,14896,75747,45242,35904,686775,1
39065,8044,24521,15626,12451,200520,1
108092,33790,48927,43236,44426,687007,0
74693,11545,33417,29877,22638,282921,1
46962,9298,6239,18784,9729,130698,1
48295,4072,27335,19318,20579,381151,0
33807,1579,21095,13522,7958,124090,1
193420,66640,54580,77368,77687,1176764,0
177504,3122,83220,71001,79397,873038,0
191334,82821,97115,76533,59782,607406,1
188152,51274,116073,75260,88099,1729994,0
152396,40841,76313,60958,60680,835566,1
111267,28656,19442,44506,31200,500215,1
186981,32671,73672,74792,89750,969053,0
39870,9537,21726,15948,9402,158257,1
185650,33623,124070,74260,57984,1120580,1
46790,11945,17615,18716,15411,242828,1
138874,27306,130198,55549,57010,642008,0
45289,4753,5484,18115,20902,330624,0
35485,4007,13741,14194,16155,285363,0
64482,6549,31170,25792,24011,337701,1
106188,31547,48830,42475,34189,642710,1
24748,3421,6275,9899,4142,68302,1
160507,1410,94630,64202,35084,666341,1
23709,5682,13614,9483,11380,184760,0
143961,50595,73361,57584,23954,270989,1
50355,13963,28519,20142,13673,179086,1
164188,22931,68178,65675,76258,916475,0
176542,7294,31164,70616,65492,1250129,1
193416,36086,68986,77366,85645,1507703,0
62918,11581,33435,25167,25436,426419,0
72224,7444,38462,28889,34667,451012,0
59298,15127,30139,23719,22506,266482,1
100219,38550,61107,40087,41725,732890,0
81629,18140,31326,32651,22658,334017,1
86040,18588,43479,34416,35158,430973,0
48016,5103,29501,19206,14903,240934,1
43960,14935,21233,17584,13394,139343,1
53591,10315,13469,21436,23551,312336,0
123333,17526,37949,49333,54286,797228,0
134821,27822,89813,53928,64714,742890,0
56395,13940,43903,22558,27069,537238,0
149695,32022,110034,59878,66124,799515,0
173772,55713,94954,69508,30923,349546,1
54620,13021,14166,21848,26217,315537,0
148148,25423,73885,59259,65451,1157873,0
40559,9738,32952,16223,11089,158079,1
113396,28344,70724,45358,47954,750681,0
41732,2936,19134,16692,10277,104934,1
111362,35072,69681,44544,45865,474451,0
181426,30826,44652,72570,39618,572814,1
33843,5836,12212,13537,9109,165493,1
134065,36886,37962,53626,56440,1064036,0
91726,25198,54477,36690,41945,455821,0
37640,4890,24195,15056,14398,221508,1
72528,20328,34032,29011,23309,445959,1
58413,8408,19008,23365,8090,112300,1
72638,27744,36032,29055,23905,437357,1
130133,15249,52402,52053,52488,595064,0
126357,28297,43058,50542,40222,778462,1
170159,20725,96616,68063,59171,1036342,1
192502,81287,67067,77000,63802,1238620,1
175576,13382,32785,70230,55803,935606,1
158186,39931,36568,63274,56565,771214,1
98859,12506,17730,39543,31904,618373,1
119657,19694,65751,47862,57435,732626,0
162047,39758,85898,64818,20962,279251,1
31023,10003,16135,12409,9164,155873,1
41447,15017,25595,16578,10899,192410,1
145899,6755,107730,58359,54261,1046922,1
43959,9968,16772,17583,15724,189452,1
86203,29821,50109,34481,41377,743965,0
139156,4379,25615,55662,66794,1161259,0
180775,41838,140234,72310,49295,524406,1
29337,5861,7364,11734,10269,142459,1
66427,16039,23779,26570,24553,314963,1
81529,10009,31018,32611,22030,287387,1
122023,6886,23763,48809,50375,998924,0
104665,909,53014,41866,34125,560613,1
125787,37439,68274,50314,30595,525540,1
182993,56801,84564,73197,58931,1164853,1
53307,12274,10232,21322,13339,183706,1
178427,26154,159991,71370,80946,1458518,0
147016,5541,89657,58806,70567,1012315,0
24835,6366,25501,9934,9300,173871,1
40159,3611,13613,16063,14502,171225,1
198677,25603,137400,79470,72565,1413347,1
141790,20041,92993,56716,66389,809135,0
125616,22641,55507,50246,58545,776446,0
189160,23473,147962,75664,64018,1124284,1
98752,20080,41368,39500,37057,516491,1
75284,10375,32208,30113,31262,502771,0
77043,20812,0,30817,18199,262911,1
186619,56565,108575,74647,87946,1532348,0
117007,24671,27484,46802,56163,689872,0
102844,25326,40094,41137,47977,507816,0
47532,19572,14010,19012,10715,139295,1
185421,15341,79129,74168,28369,418252,1
142402,10915,83842,56960,59932,700029,0
138012,37194,69313,55204,37812,512285,1
196517,77556,126149,78606,74423,1041917,1
156785,27272,118078,62714,75256,795759,0
76178,28390,32470,30471,21657,342908,1
69407,14550,28060,27762,21671,408374,1
70990,9364,49092,28396,26810,308793,1
149473,15086,105738,59789,32921,526018,1
78141,20546,50644,31256,21427,356710,1
174865,18973,54131,69946,61637,874841,1
76570,15936,44757,30628,24498,416750,1
188964,67714,98619,75585,77634,1095208,0
21015,3558,14931,8406,10087,151775,0
81813,27112,31532,32725,29445,296621,1
47712,3747,7952,19084,12683,214564,1
120497,17665,76882,48198,57838,960896,0
159487,9455,0,63794,30480,316513,1
132816,27532,46976,53126,28038,383639,1
148778,41361,43943,59511,43218,855307,1
82292,17077,24194,32916,26474,376129,1
43833,14145,15350,17533,12627,189665,1
155230,19416,115409,62092,53841,1028331,1
40309,8970,26769,16123,15215,261291,1
26970,3971,12127,10788,12322,194950,0
92474,21839,67203,36989,33209,597035,1
66540,16659,19132,26616,19549,364480,1
171456,44276,44637,68582,77406,1127723,0
38017,3533,25574,15206,10197,150420,1
95880,10645,59055,38352,17904,248166,1
125570,16270,51225,50228,59092,1162179,0
28702,5054,7833,11480,13323,226114,0
151456,31611,119945,60582,41009,444227,1
20404,5525,3182,8161,6327,117870,1
192015,22118,73026,76806,49598,734340,1
198998,7939,108596,79599,76149,813846,1
180261,74911,155102,72104,86525,1340897,0
32763,2845,18891,13105,13769,195142,0
169456,48063,101006,67782,76860,1443248,0
118142,23997,45617,47256,51034,614448,0
160932,36230,98763,64372,56324,1028743,1
100642,20112,52440,40256,46127,718525,0
70612,11404,12873,28244,29975,316119,0
43574,10736,28697,17429,20915,412421,0
43524,6795,30209,17409,13233,200168,1
30916,9788,20425,12366,5447,70314,1
24809,6372,12569,9923,11276,165694,0
183273,47643,56588,73309,70555,1310827,1
164528,24562,6278,65811,52714,687866,1
141288,24918,75081,56515,46057,549319,1
58765,4772,42098,23506,28207,318479,0
185888,30615,129955,74355,53123,689464,1
65106,6272,43179,26042,17231,306730,1
73932,24494,35868,29572,26506,390079,1
168172,34484,120662,67268,78712,966184,0
77091,16732,52794,30836,37003,431531,0
41949,7445,17428,16779,17439,232424,0
57744,12689,36685,23097,12874,249756,1
196615,87786,77231,78646,94375,1267484,0
128319,21812,78018,51327,44661,887932,1
112193,15141,26946,44877,29869,443624,1
56187,14213,14359,22474,13600,160374,1
158311,0,112660,63324,68648,1298245,0
144454,29814,99313,57781,54008,788721,1
34489,5615,21615,13795,13261,226724,1
81877,8250,42379,32750,39190,777425,0
194197,48699,4222,77678,52391,550201,1
69922,14361,33913,27968,33562,368078,0
114074,2254,67399,45629,34003,585018,1
183121,24784,71976,73248,87898,1126699,0
57131,0,20424,22852,23416,277322,0
194016,44493,153056,77606,50051,520216,1
135765,30999,66245,54306,20019,204570,1
93963,11338,55528,37585,40487,718452,0
126884,32229,83086,50753,39661,449935,1
145917,10469,43733,58366,48800,716262,1
44285,4576,23853,17714,18892,303399,0
57626,13929,44022,23050,25991,371253,0
193880,25424,167482,77552,91583,940658,0
39198,7593,19912,15679,9114,162551,1
170830,24537,77285,68332,81998,828604,0
35254,5602,19523,14101,10297,181431,1
64238,10488,35249,25695,7989,151267,1
21252,2748,16520,8500,4933,70693,1
59764,13760,17972,23905,22220,341203,1
97709,13406,43385,39083,24634,363843,1
188513,37998,52137,75405,64319,893536,1
73682,9366,21926,29472,28281,533782,1
79494,3702,45734,31797,26380,499638,1
101317,29507,67068,40526,30452,406786,1
85215,21299,31539,34086,19167,309567,1
98587,42280,64517,39434,34721,669056,1
26949,2576,19465,10779,3867,75878,1
75393,13503,66869,30157,21215,320134,1
158013,29572,81210,63205,40644,590491,1
45934,13731,17089,18373,14977,191514,1
174458,26044,52251,69783,57338,1123189,1
95745,7936,26774,38298,42701,488002,0
114456,36715,85836,45782,54938,867940,0
73413,12357,14460,29365,17488,224300,1
117239,33748,87173,46895,56274,719758,0
62318,17213,20335,24927,16954,238210,1
90390,17807,32807,36156,33195,663518,1
63088,11517,29631,25235,25303,266945,0
123196,19815,44260,49278,59134,933456,0
190883,37886,131021,76353,56457,611196,1
75479,21610,65113,30191,12856,148425,1
39963,4809,14726,15985,19182,276140,0
75123,15842,31067,30049,20032,302582,1
145911,12860,68189,58364,45792,576437,1
122468,12318,74486,48987,29174,384075,1
93477,18406,43869,37390,29363,319175,1
34388,137,26735,13755,9145,119190,1
25569,10382,18648,10227,10678,210003,0
89836,7249,23618,35934,32168,625581,1
124573,24415,75266,49829,35116,468761,1
187658,59454,150889,75063,84368,1325308,0
163087,18544,65405,65234,61239,1169419,1
65002,0,28675,26000,10751,108174,1
157326,24465,62048,62930,69533,1259030,0
168216,18927,67048,67286,61985,1207704,1
175286,0,29151,70114,84137,918211,0
157162,35909,36828,62864,56954,661493,1
162709,35911,83875,65083,44066,864028,1
173487,54515,139261,69394,57176,879106,1
44071,3874,16629,17628,18967,192370,0
78243,3136,29063,31297,21354,268561,1
145827,23234,122539,58330,44618,646946,1
128215,24510,35688,51286,42032,711578,1
192312,56181,32260,76924,45205,783482,1
121570,41462,40640,48628,33354,665570,1
184506,59309,67795,73802,67760,872427,1
89724,20426,13504,35889,42192,649013,0
135359,37893,64213,54143,51668,792245,1
95697,13010,66001,38278,33055,464637,1
48732,10567,11832,19492,13005,152052,1
141465,11440,73210,56586,65005,1285454,0
162386,33495,94051,64954,63874,1183799,1
175026,36556,84594,70010,48889,732527,1
77108,28700,41417,30843,33917,543774,0
131195,23234,70775,52478,53259,653634,0
123081,25724,41534,49232,33065,510458,1
56668,12676,45318,22667,19259,326439,1
43061,6653,32276,17224,12949,196205,1
99252,11885,73246,39700,47640,948190,0
59749,19710,41987,23899,24089,388160,0
150560,15343,27854,60224,55507,760998,1
124680,8379,85432,49872,49531,877767,1
167979,45022,106014,67191,80629,943742,0
169849,53635,32729,67939,58030,803447,1
71745,11110,32788,28698,20878,281224,1
128464,20091,71343,51385,55808,799068,0
111865,25533,93168,44746,37195,662746,1
132428,17111,85408,52971,32181,477627,1
43624,5314,14268,17449,9751,174940,1
43321,12474,36349,17328,20794,327816,0
161560,42120,82194,64624,58672,787430,1
42574,14096,19108,17029,12390,224272,1
156312,11682,67929,62524,51046,632100,1
194293,29096,34057,77717,83690,1024693,0
161550,36852,77228,64620,51802,779370,1
170334,18300,102114,68133,34928,440393,1
138831,36674,58714,55532,53114,535971,1
155504,50144,90828,62201,73216,1206828,0
115257,16327,37703,46102,53496,808376,0
84291,17183,39769,33716,24787,358303,1
147600,51004,83144,59040,70392,1384607,0
70428,26757,37885,28171,26149,410861,1
151374,41564,27081,60549,71768,1337359,0
151127,39193,62294,60450,61564,701495,0
131317,15052,109714,52526,25979,407676,1
159789,37697,64157,63915,76698,1432716,0
147449,37700,74190,58979,52370,829083,1
48699,8715,23504,19479,19853,341087,0
93686,13164,76227,37474,20198,277129,1
87661,6300,66453,35064,35111,383570,0
64247,1685,42499,25698,29572,431136,0
167820,874,51244,67128,80553,1123303,0
125113,32272,71544,50045,60054,1121248,0
24621,5287,15107,9848,9981,124174,0
166106,25184,59844,66442,32484,638875,1
156198,26062,50904,62479,56735,1110956,1
156194,34526,131359,62477,45413,566590,1
38030,6980,16727,15212,14204,191478,1
102838,6781,84635,41135,23484,445168,1
104717,30504,73241,41886,34450,677504,1
58638,13510,34102,23455,17490,252466,1
87067,19728,51413,34826,25700,339505,1
138033,39167,30355,55213,40882,623899,1
125977,14945,68198,50390,42380,715284,1
108869,34987,85288,43547,41219,524925,1
125186,23284,79651,50074,12537,217709,1
54674,15793,29024,21869,6142,64603,1
186926,51113,157464,74770,59093,620060,1
66271,6369,30682,26508,21884,303378,1
93688,23449,35235,37475,34562,467794,1
189590,44103,100627,75836,52560,691504,1
131076,26612,85631,52430,46000,685879,1
161339,30745,25240,64535,58509,772760,1
21062,4031,11730,8424,5824,69443,1
70448,19814,46641,28179,31796,416364,0
115462,29765,51504,46184,42455,838449,1
157301,31939,113475,62920,63659,898302,0
67915,3450,42666,27166,24237,350166,1
24632,6144,22865,9852,11823,186400,0
124592,33934,43592,49836,51037,1012254,0
154668,66513,103030,61867,46586,578413,1
129779,39912,38484,51911,56077,942813,0
157240,1585,27819,62896,29284,502514,1
128099,26624,11899,51239,46366,745263,1
27561,10504,16747,11024,10525,114583,1
102152,26800,54840,40860,37091,621978,1
145036,33773,58622,58014,45921,488649,1
144049,41777,20930,57619,35835,571984,1
46734,6438,16914,18693,12667,220369,1
157443,39015,78850,62977,56712,686767,1
46069,8059,30342,18427,10994,202473,1
32910,6517,16346,13164,15796,162762,0
93479,26440,51451,37391,8030,148072,1
101264,10868,43014,40505,32167,469746,1
43275,14228,36777,17310,15623,190235,1
92274,14553,27345,36909,36978,419249,0
120776,27303,43497,48310,31209,609615,1
68447,4103,27483,27378,31720,340253,0
185601,50480,112945,74240,39090,468734,1
146394,50454,42780,58557,42950,578891,1
95703,14215,50449,38281,39436,638968,0
96090,8549,51214,38436,43626,673945,0
37260,8487,13455,14904,7809,87909,1
132581,45804,75040,53032,63638,820768,0
23812,1310,7106,9524,6197,76766,1
179096,16005,49535,71638,39182,475501,1
136148,21045,70786,54459,54496,769019,0
178357,21039,29972,71342,56212,957885,1
136421,16136,9691,54568,40980,498914,1
21605,0,13104,8642,8848,120932,0
92303,23897,65516,36921,18208,253267,1
178211,41678,72467,71284,32039,633255,1
96125,2894,35218,38450,27901,545371,1
164990,57040,115675,65996,75530,1359658,0
178518,65714,48359,71407,52590,652993,1
144040,17991,32743,57616,69139,738432,0
164118,51968,105286,65647,77152,1016019,0
175890,25099,88262,70356,66538,842902,1
24324,5305,17342,9729,9339,140649,1
96323,11214,6930,38529,36429,647615,1
29111,12268,6400,11644,10653,197982,1
189182,32236,95133,75672,59285,1093728,1
36389,7737,21234,14555,11825,160791,1
142177,18654,95173,56870,34549,582932,1
61427,23718,32861,24570,7923,104026,1
179818,69888,95830,71927,82789,878318,0
142883,51879,60313,57153,52256,889170,1
151189,44698,123699,60475,53010,535310,1
145808,20051,40738,58323,56842,801014,1
132221,37390,75604,52888,35324,469592,1
33234,6623,10051,13293,8304,140634,1
73441,24326,44575,29376,23620,417203,1
20846,6495,6099,8338,10006,130488,0
30954,4181,20081,12381,7216,130730,1
99239,29253,51844,39695,8662,112090,1
66514,17839,56465,26605,19811,286544,1
108236,0,48034,43294,50250,867839,0
117579,32933,68782,47031,20781,351815,1
157541,24705,54204,63016,36545,726284,1
181177,20182,80156,72470,68186,835398,1
62101,7183,32363,24840,29808,495511,0
84323,15724,16405,33729,18060,290711,1
111922,27757,24228,44768,23537,450774,1
196659,12478,121923,78663,75491,872954,1
188048,41179,88529,75219,88470,1549823,0
147534,38015,56271,59013,42429,665405,1
87584,33823,30882,35033,16453,209728,1
124537,11498,44870,49814,48989,722321,1
98477,16252,51455,39390,40521,540469,0
62533,14142,36832,25013,30015,474044,0
21828,6870,1780,8731,9073,171403,0
21917,3716,17151,8766,9485,148861,0
40618,12992,31208,16247,13151,214596,1
52254,327,1769,20901,25081,380931,0
125292,9354,89857,50116,38863,408522,1
67362,15820,47897,26944,19454,239848,1
40128,2364,20067,16051,19261,287381,0
143781,11869,34588,57512,29126,381627,1
85545,12594,60142,34218,14137,167067,1
102180,28318,46160,40872,36984,556298,1
107958,1123,65830,43183,37766,499579,1
160937,34928,151898,64374,52660,662524,1
153291,46492,84366,61316,68887,1008508,0
59809,10795,18936,23923,15501,175673,1
136748,22305,59191,54699,48739,939569,1
25287,6073,8650,10114,7939,148292,1
185459,33528,108808,74183,48382,826184,1
28512,9666,9659,11404,9802,108440,1
152414,13543,61793,60965,66339,1178110,0
128872,25108,31330,51548,61858,1118376,0
170288,37560,80645,68115,69467,1228023,0
113070,18334,60532,45228,11184,124591,1
99767,0,0,39906,34537,567771,1
117829,21669,65031,47131,41826,767242,1
177686,51532,87218,71074,78825,1243352,0
187330,52042,65003,74932,69027,1136474,1
62078,14617,56225,24831,29506,430308,0
126288,11392,87352,50515,49147,751315,1
103524,24797,29061,41409,49691,513997,0
32219,4596,21510,12887,9863,161651,1
